Aspect,Projections/Advantages,Trade-offs/Challenges,Positive Consequences,Negative Consequences,Gamification Potential,Misuse Potential,Affected Parties,Benefitted Parties,Negatively Affected Parties
Ethical Blueprint,,,,,,,,,
Data Provenance and Source Verification,Reliable and relevant data sources verified for credibility and relevance. Reduced risks of bias. Ensures 100% source credibility.,High resource demand for manual verification. Increased costs and time. Potential delays in data processing.,Enhanced data reliability. Increased stakeholder trust. Better decision making.,Increased operational costs. Slower data processing.,Points for verified sources. Progress dashboards to track verification status.,Superficial compliance focusing on points. Manipulation of data sources to meet targets.,Data management teams Compliance officers Auditors,Stakeholders Customers Regulatory bodies,Data management teams Project timelines
Fairness and Equality Measures,Equitable models ensuring no more than 5% disparity across demographics. Enhanced trust. Regulatory compliance.,Continuous monitoring required. Resource-intensive adjustments. Frequent audits needed.,Increased stakeholder trust. Compliance with regulations. Improved public perception.,Resource-intensive process. Potential for overfitting. Higher operational costs.,Competitions for best fairness practices. Rewards for reducing disparities.,Manipulation of fairness metrics. Superficial adjustments to meet targets.,Data scientists Model developers Compliance teams,Underrepresented groups Stakeholders Customers,Data science teams Project budgets
Data Traceability and Integrity,Full data traceability ensuring 100% traceability. Increased transparency. Better accountability.,Requires robust tracking systems. Slows down data processing. High initial setup cost.,Easier audits. Increased transparency. Detailed historical records.,Operational burden. High maintenance costs. Slower data operations.,Visual progress tracking. Points for maintaining traceability.,Superficial traceability. Focus on metrics rather than data quality.,IT and data management teams Compliance officers,Auditors Stakeholders Regulatory bodies,IT teams Data processing workflows
Bias Detection and Mitigation,Regular bias audits ensuring less than 5% disparity. Maintained fairness. Routine bias audits.,Significant investments in infrastructure. Skilled personnel needed. Routine bias audits are resource-heavy.,Improved model fairness. Reduced legal risks. Enhanced model performance.,Resource-heavy process. Increased operational costs. Complexity in detection and mitigation.,Competitions and rewards for bias reduction. Points for successful audits.,Neglect of non-measurable aspects. Superficial bias mitigation to meet targets.,Data scientists Compliance teams Auditors,Underrepresented groups Stakeholders Regulatory bodies,Data science teams Project budgets
Documentation and Reporting,Comprehensive reporting ensuring 100% completeness. Increased stakeholder confidence. Detailed historical records.,Labor-intensive process. Requires advanced reporting tools. Time-consuming.,Higher transparency. Supports continuous improvement. Detailed historical records.,Increased workload. High resource allocation. Slower reporting process.,Incentivize detailed reporting. Points for completeness and accuracy.,Superficial documentation. Focus on quantity over quality.,Data management teams Compliance officers Reporting teams,Stakeholders Regulatory bodies Customers,Reporting teams Project timelines
Operational Blueprint,,,,,,,,,
Data Monitoring and Detection,Timely data shift identification with 100% implementation. Maintained model accuracy. Daily or real-time monitoring.,High-frequency monitoring required. Risk of alert fatigue. Technical challenges in implementation.,Sustained model performance. Early detection of issues. Consistent outputs.,Alert fatigue. Ignored important alerts. Increased operational load.,Progress tracking. Points for timely detection. Rewards for maintaining schedules.,Setting thresholds too sensitive. Superficial detection to meet metrics.,IT and data science teams Monitoring teams Compliance officers,Stakeholders Customers Regulatory bodies,Monitoring teams Data scientists
Quantification and Analysis,Accurate drift measurement with 95% accuracy. Prompt impact analysis within 48 hours. Reliable data shift quantification.,Requires sophisticated algorithms. Substantial computational resources needed. Complexity in handling high-dimensional data.,Quick response to data shifts. Maintained model reliability. Improved decision making.,Difficulty with high-dimensional data. Increased costs. Complexity in implementation.,Competitions for accurate quantification. Rewards for timely analysis.,Misreporting of drift accuracy. Focus on meeting targets rather than accuracy.,Data scientists IT teams Compliance officers,Stakeholders Customers Regulatory bodies,Data scientists IT budgets
Mitigation Planning and Implementation,Swift correction of data shifts with predefined strategies. Coverage of 100% potential scenarios. Initiation within 72 hours.,Comprehensive mitigation strategies may be impractical. High complexity. Resource-intensive process.,Maintained model reliability. Swift response to issues. Enhanced model performance.,Challenges in covering all scenarios. Increased operational load. High resource allocation.,Rewards for effective mitigation strategies. Points for successful implementations.,Inflexible mitigation responses. Focus on predefined actions rather than adaptive strategies.,Data scientists IT teams Compliance officers,Stakeholders Customers Regulatory bodies,IT teams Project budgets
Continuous Improvement,Updated models with 100% retraining schedule compliance. Maintained performance. Model performance recovery rate of 90%.,Compliance with dynamic schedules is challenging. Resource-intensive process. Operational complexity.,Consistent model performance. Enhanced adaptability. Better outcomes.,Overfitting risks. Increased costs. Operational strain.,Progress tracking. Dynamic goal setting. Rewards for adherence to schedules.,Misuse of retraining schedules. Superficial compliance to meet targets.,Data scientists IT teams Compliance officers,Stakeholders Customers Regulatory bodies,Data scientists IT budgets
Reporting and Documentation,Complete and timely reporting of data shifts with 100% completeness. Detailed records for future analysis. Quarterly updates.,Requires dedicated personnel. Robust logging systems. High resource allocation.,Builds stakeholder confidence. Supports continuous learning. Detailed historical records.,Resource-heavy process. Increased operational load. High maintenance costs.,Incentivize thorough documentation. Points for completeness and accuracy.,Superficial logging. Focus on quantity over quality.,Data management teams Compliance officers Reporting teams,Stakeholders Regulatory bodies Customers,Reporting teams Project timelines